{"input": {"annual_inc": 25411, "funded_amnt": 10000, "funded_amnt_inv": 10000, "grade": "A", "home_ownership": "MORTAGE", "installment": 334, "int_rate": 12.39, "loan_amnt": 10000, "purpose": "debt_consolidation", "pymnt_plan": False, "sub_grade": "C1", "term": "36 months", "verification_status": "Source Verified", "emp_length": "1 < Year", "emp_title": "Manager", "title": "Debt"}, "prediction": [.8534544110298157, 0.1465456336736679], "attributions": {"funded_amnt": 0.003704304496447245, "verification_status": 0, "sub_grade": 0, "funded_amnt_inv": -0.008394981424013773, "home_ownership": 0, "annual_inc": -0.02273610730965932, "loan_amnt": 0.0005728006362915039, "title": 0, "emp_title": 0, "int_rate": 0.03075128793716431, "installment": -0.0004197806119918823, "pymnt_plan": 0, "emp_length": 0, "term": 0, "grade": -0.01429588596026103, "purpose": 0}}
